"","text","favorited","favoriteCount","replyToSN","created","truncated","replyToSID","id","replyToUID","statusSource","screenName","retweetCount","isRetweet","retweeted","longitude","latitude"
"1","RT @godobrown: We should remember that #FidelRamos cheated #MiriamDefensorSantiago decades ago for presidency. Miriam died as our true nati‚Ä¶",FALSE,0,NA,2016-10-10 11:14:30,FALSE,NA,"785438353353084929",NA,"<a href=""http://www.twitter.com"" rel=""nofollow"">Twitter for Windows</a>","BearEmpty",1,TRUE,FALSE,NA,NA
"2","RT @CJumila: #MiriamDefensorSantiago you are worth my tears., the senate will never be the same again Ì†ΩÌ∏≠Ì†ΩÌ∏≠Ì†ΩÌ∏≠Ì†ΩÌ∏≠",FALSE,0,NA,2016-10-09 22:49:56,FALSE,NA,"785250977360257029",NA,"<a href=""http://twitter.com"" rel=""nofollow"">Twitter Web Client</a>","fuereu205",1,TRUE,FALSE,NA,NA
"3","We should remember that #FidelRamos cheated #MiriamDefensorSantiago decades ago for presidency. Miriam died as our true national hero.",FALSE,0,NA,2016-10-09 14:56:25,FALSE,NA,"785131810095177732",NA,"<a href=""http://twitter.com/download/iphone"" rel=""nofollow"">Twitter for iPhone</a>","godobrown",1,FALSE,FALSE,NA,NA
"4","RT @leahb0404: Always fight for the things what you think is right!..

#MiriamDefensorSantiago",FALSE,0,NA,2016-10-08 23:19:40,FALSE,NA,"784896068735553536",NA,"<a href=""http://twitter.com/download/android"" rel=""nofollow"">Twitter for Android</a>","HannaBurizon",1,TRUE,FALSE,NA,NA
"5","I hate the fact that Mrs. Defensor Santiago was allready gone 

#MiriamDefensorSantiago",FALSE,0,NA,2016-10-08 14:07:06,FALSE,NA,"784757010474545152",NA,"<a href=""http://twitter.com/download/android"" rel=""nofollow"">Twitter for Android</a>","HaileyAbegail",0,FALSE,FALSE,NA,NA
"6","RT @misscynelgrace2: YOU'RE THE BEST MIRIAM DEFENSOR SANTIAGO! Ì†ΩÌ±µÌ†ºÌøºÌ†ΩÌ±ë Ì†ΩÌπèÌ†ºÌ∑¶Ì†ºÌ∑™ #MiriamDefensorSantiago #MyPresident #MMKSenatorMiriam",FALSE,0,NA,2016-10-08 14:04:13,FALSE,NA,"784756288215408640",NA,"<a href=""http://twitter.com/download/android"" rel=""nofollow"">Twitter for Android</a>","ejtuazonnn_",2,TRUE,FALSE,NA,NA
"7","RT @misscynelgrace2: YOU'RE THE BEST MIRIAM DEFENSOR SANTIAGO! Ì†ΩÌ±µÌ†ºÌøºÌ†ΩÌ±ë Ì†ΩÌπèÌ†ºÌ∑¶Ì†ºÌ∑™ #MiriamDefensorSantiago #MyPresident #MMKSenatorMiriam",FALSE,0,NA,2016-10-08 14:02:48,FALSE,NA,"784755929585680385",NA,"<a href=""http://twitter.com/download/android"" rel=""nofollow"">Twitter for Android</a>","lkcreid",2,TRUE,FALSE,NA,NA
"8","YOU'RE THE BEST MIRIAM DEFENSOR SANTIAGO! Ì†ΩÌ±µÌ†ºÌøºÌ†ΩÌ±ë Ì†ΩÌπèÌ†ºÌ∑¶Ì†ºÌ∑™ #MiriamDefensorSantiago #MyPresident #MMKSenatorMiriam",FALSE,1,NA,2016-10-08 14:01:59,FALSE,NA,"784755724752523266",NA,"<a href=""http://twitter.com/download/iphone"" rel=""nofollow"">Twitter for iPhone</a>","misscynelgrace2",2,FALSE,FALSE,NA,NA
"9","I salute you, Sen. Miriam Defensor Santiago Ì†ΩÌπåÌ†ΩÌ±çÌ†ΩÌ±åÌ†ΩÌ±è #MiriamDefensorSantiago #MyPresident #MMKSenatorMiriam",FALSE,2,NA,2016-10-08 14:00:00,FALSE,NA,"784755225647124481",NA,"<a href=""http://twitter.com/download/iphone"" rel=""nofollow"">Twitter for iPhone</a>","misscynelgrace2",0,FALSE,FALSE,NA,NA
"10","Grabe dami achievements Ì†ΩÌ±èÌ†ΩÌ±èÌ†ΩÌ±è #MiriamDefensorSantiago Ì†ΩÌπåÌ†ΩÌπåÌ†ΩÌπå #MMKSenatorMiriam",FALSE,0,NA,2016-10-08 13:58:55,FALSE,NA,"784754952107196417",NA,"<a href=""http://twitter.com/download/iphone"" rel=""nofollow"">Twitter for iPhone</a>","misscynelgrace2",0,FALSE,FALSE,NA,NA
"11","take it easy! chill.. #MiriamDefensorSantiago #MKK",FALSE,0,NA,2016-10-08 13:57:59,FALSE,NA,"784754718471958529",NA,"<a href=""https://mobile.twitter.com"" rel=""nofollow"">Mobile Web (M2)</a>","marman222",0,FALSE,FALSE,NA,NA
"12","We will surely miss you President Miriam Defensor Santiago #miriamdefensorsantiago  #MMKSenatorMiriam",FALSE,0,NA,2016-10-08 13:55:44,FALSE,NA,"784754151527895040",NA,"<a href=""http://twitter.com/download/android"" rel=""nofollow"">Twitter for Android</a>","adrianLalin",0,FALSE,FALSE,NA,NA
"13","RT @jowlyquizon: Haven't watched local TV in a while. But #MiriamDefensorSantiago on #MMK is so worth it. #MMKSenatorMiriam",FALSE,0,NA,2016-10-08 13:55:44,FALSE,NA,"784754150596710400",NA,"<a href=""http://twitter.com/download/android"" rel=""nofollow"">Twitter for Android</a>","iamsuperRIO",1,TRUE,FALSE,NA,NA
"14","Haven't watched local TV in a while. But #MiriamDefensorSantiago on #MMK is so worth it. #MMKSenatorMiriam",FALSE,0,NA,2016-10-08 13:53:43,FALSE,NA,"784753643287293952",NA,"<a href=""http://twitter.com/download/iphone"" rel=""nofollow"">Twitter for iPhone</a>","jowlyquizon",1,FALSE,FALSE,NA,NA
"15","#miriamdefensorsantiago",FALSE,0,NA,2016-10-08 13:52:55,FALSE,NA,"784753444661985280",NA,"<a href=""http://www.facebook.com/twitter"" rel=""nofollow"">Facebook</a>","cabuyaojenny20",0,FALSE,FALSE,NA,NA
"16","I am very lucky na naabutan ko pa sya. Her legacy will forever lives in ours hearts. #MMKSenatorMiriam #MiriamDefensorSantiago #MyPresident",FALSE,0,NA,2016-10-08 13:41:11,FALSE,NA,"784750492052094977",NA,"<a href=""http://twitter.com/download/iphone"" rel=""nofollow"">Twitter for iPhone</a>","misscynelgrace2",0,FALSE,FALSE,NA,NA
"17","MIRIAM IS MIRIAM, NO ONE WILL REPLACE HER EVER!! Ì†ΩÌπåÌ†ΩÌπåÌ†ΩÌπå #MMKSenatorMiriam #MiriamDefensorSantiago #MyPresident",FALSE,0,NA,2016-10-08 13:39:37,FALSE,NA,"784750094780276737",NA,"<a href=""http://twitter.com/download/iphone"" rel=""nofollow"">Twitter for iPhone</a>","misscynelgrace2",0,FALSE,FALSE,NA,NA
"18","Torn between University of Michigan and Harvard. Only #miriamdefensorsantiago . I will always always admire you!",FALSE,1,NA,2016-10-08 13:37:11,FALSE,NA,"784749485419212803",NA,"<a href=""https://mobile.twitter.com"" rel=""nofollow"">Mobile Web (M5)</a>","margamatters",0,FALSE,FALSE,NA,NA
"19","I suddenly miss hearing or watching #MiriamDefensorSantiago on the TV she was the greatest of all #MMKSenatorMiriam",FALSE,1,NA,2016-10-08 13:36:58,FALSE,NA,"784749429777506304",NA,"<a href=""http://twitter.com/download/iphone"" rel=""nofollow"">Twitter for iPhone</a>","quinofspades",0,FALSE,FALSE,NA,NA
"20","Always fight for the things what you think is right!..

#MiriamDefensorSantiago",FALSE,2,NA,2016-10-08 13:36:00,FALSE,NA,"784749186096836608",NA,"<a href=""http://twitter.com"" rel=""nofollow"">Twitter Web Client</a>","leahb0404",1,FALSE,FALSE,NA,NA
"21","I'll always admire her and her story  Ì†ΩÌ±çÌ†ΩÌ±ç #MiriamDefensorSantiago #MyPresident #MMKSenatorMiriam",FALSE,0,NA,2016-10-08 13:33:55,FALSE,NA,"784748660642811908",NA,"<a href=""http://twitter.com/download/iphone"" rel=""nofollow"">Twitter for iPhone</a>","misscynelgrace2",0,FALSE,FALSE,NA,NA
"22","A woman full of achievements!! Ì†ΩÌ±µÌ†ºÌøºÌ†ΩÌ±ëÌ†ΩÌπåÌ†ΩÌπå #MiriamDefensorSantiago #MMKSenatorMiriam",FALSE,0,NA,2016-10-08 13:32:24,FALSE,NA,"784748279305080832",NA,"<a href=""http://twitter.com/download/iphone"" rel=""nofollow"">Twitter for iPhone</a>","misscynelgrace2",0,FALSE,FALSE,NA,NA
"23","Napaka-saklap ng life ni Sen. Miriam Ì†ΩÌ∏¢ #miriamdefensorsantiago",FALSE,0,NA,2016-10-08 13:30:07,FALSE,NA,"784747704995815424",NA,"<a href=""http://twitter.com/download/iphone"" rel=""nofollow"">Twitter for iPhone</a>","RoanneParraaa",0,FALSE,FALSE,NA,NA
"24","The Best President we never had Ì†ΩÌ∏¢Ì†ΩÌ∏¢ #MMKSenatorMiriam #MiriamDefensorSantiago #MyPresident",FALSE,0,NA,2016-10-08 13:28:07,FALSE,NA,"784747201654165504",NA,"<a href=""http://twitter.com/download/iphone"" rel=""nofollow"">Twitter for iPhone</a>","misscynelgrace2",0,FALSE,FALSE,NA,NA
"25","What a smart, brave and kind lady. Ì†ΩÌ±µÌ†ºÌøº #MMKSenatorMiriam #MiriamDefensorSantiago #MyPresident",FALSE,1,NA,2016-10-08 13:25:02,FALSE,NA,"784746424047067138",NA,"<a href=""http://twitter.com/download/iphone"" rel=""nofollow"">Twitter for iPhone</a>","misscynelgrace2",0,FALSE,FALSE,NA,NA
"26","Watching mmk The Best President we never Had..... #mmk #RipToTheBestSenator #MiriamDefensorSantiago",FALSE,0,NA,2016-10-08 13:23:12,FALSE,NA,"784745965412491264",NA,"<a href=""http://twitter.com/download/iphone"" rel=""nofollow"">Twitter for iPhone</a>","IAM_seirende",0,FALSE,FALSE,NA,NA
"27","I R O N L A D Y O F A S I A ÌÆ∏Ì∂´‚ù§‚ù§‚ù§
#MiriamDefensorSantiago #MMK",FALSE,0,NA,2016-10-08 13:18:32,FALSE,NA,"784744791510659072",NA,"<a href=""http://www.facebook.com/twitter"" rel=""nofollow"">Facebook</a>","IamNebraska143",0,FALSE,FALSE,NA,NA
"28","I R O N L A D Y O F A S I A ÌÆ∏Ì∂´‚ù§‚ù§‚ù§#MiriamDefensorSantiago #MMK",FALSE,0,NA,2016-10-08 13:17:57,FALSE,NA,"784744644655452160",NA,"<a href=""http://www.facebook.com/twitter"" rel=""nofollow"">Facebook</a>","IamNebraska143",0,FALSE,FALSE,NA,NA
"29","ALWAYS FIGHT OF WHAT YOU THINK IS RIGHT.......     
#MIRIAMDEFENSORSANTIAGO",FALSE,0,NA,2016-10-08 13:14:49,FALSE,NA,"784743855761584128",NA,"<a href=""http://www.facebook.com/twitter"" rel=""nofollow"">Facebook</a>","12DOkyungsoo",0,FALSE,FALSE,NA,NA
"30","#miriamdefensorsantiago
#onlymiriam ‚Äî watching MMK (The Official)",FALSE,0,NA,2016-10-08 13:14:41,FALSE,NA,"784743822777421827",NA,"<a href=""http://www.facebook.com/twitter"" rel=""nofollow"">Facebook</a>","CessAhne",0,FALSE,FALSE,NA,NA
"31","#MMK, We want part 2 pleaseeee!
#ThankYouMiriam 
#TheIronLadyOfAsia
#MiriamDefensorSantiago",FALSE,0,NA,2016-10-08 12:56:09,FALSE,NA,"784739159323906048",NA,"<a href=""http://www.facebook.com/twitter"" rel=""nofollow"">Facebook</a>","maria_jobel",0,FALSE,FALSE,NA,NA
"32","- Grabe sobrang #Pressure pala ng buhay ni Senator #MiriamDefensorSantiago , kaya siguro sobrang talino nya #MMKSenatorMiriam !!!",FALSE,1,NA,2016-10-08 12:40:10,FALSE,NA,"784735134570295298",NA,"<a href=""http://twitter.com/download/android"" rel=""nofollow"">Twitter for Android</a>","rrcry143",0,FALSE,FALSE,NA,NA
"33","#Mmk #MiriamDefensorSantiago Ì†ΩÌ∏ÉÌ†ΩÌ∏ä",FALSE,1,NA,2016-10-08 12:36:08,FALSE,NA,"784734120484020224",NA,"<a href=""http://twitter.com/download/android"" rel=""nofollow"">Twitter for Android</a>","AubrieAubrina",0,FALSE,FALSE,NA,NA
"34","#MiriamDefensorSantiago",FALSE,0,NA,2016-10-08 12:30:34,FALSE,NA,"784732719565541376",NA,"<a href=""http://twitter.com/download/android"" rel=""nofollow"">Twitter for Android</a>","imjoshguevarra",0,FALSE,FALSE,NA,NA
"35","Oh yeah... #MiriamDefensorSantiago in #MMK

ÌÆ∏ÌºßÌ†ΩÌ∏éÌ†æÌ¥óÌ†ΩÌ∏áÌÆ∫ÌΩûÌÆ∫Ìæü‚úåÌÆ∫ÌæñÌÆ∫Ìæû",FALSE,0,NA,2016-10-08 12:23:33,FALSE,NA,"784730954254483456",NA,"<a href=""http://www.facebook.com/twitter"" rel=""nofollow"">Facebook</a>","KrisTanCada",0,FALSE,FALSE,NA,NA
"36","#QOTD #MiriamDefensorSantiago #MDS @isymissy https://t.co/dKJbgPw42L",FALSE,0,NA,2016-10-07 11:39:32,FALSE,NA,"784357489835933696",NA,"<a href=""http://twitter.com/download/iphone"" rel=""nofollow"">Twitter for iPhone</a>","androidjen",0,FALSE,FALSE,NA,NA
"37","Just knew that one of the books were going to use was authored by her #miriamdefensorsantiago https://t.co/CEi84qbD8L",FALSE,0,NA,2016-10-07 09:52:58,FALSE,NA,"784330669333688320",NA,"<a href=""http://instagram.com"" rel=""nofollow"">Instagram</a>","tondawnprincess",0,FALSE,FALSE,NA,NA
"38","Hahaha love you Madame #miriamdefensorsantiago !!! :3
#stupidisforever #selfmarriage‚Ä¶ https://t.co/HidmW64Mi0",FALSE,0,NA,2016-10-06 18:22:23,FALSE,NA,"784096481447936001",NA,"<a href=""http://instagram.com"" rel=""nofollow"">Instagram</a>","ladyveilchen",0,FALSE,FALSE,NA,NA
"39","#LeilaDeLima can you please stop copying #miriamdefensorsantiago going to schools and delivering pick up lines #nooriginality",FALSE,1,NA,2016-10-06 11:19:46,FALSE,NA,"783990126699352068",NA,"<a href=""http://twitter.com/download/android"" rel=""nofollow"">Twitter for Android</a>","isuremsomething",0,FALSE,FALSE,NA,NA
"40","The Queen we never had. #MiriamDefensorSantiago. Charcoal on strathmore paper. #artph https://t.co/x9shQZWQTG",FALSE,4,NA,2016-10-05 12:23:02,FALSE,NA,"783643658750832641",NA,"<a href=""http://twitter.com/download/android"" rel=""nofollow"">Twitter for Android</a>","Demboiii",0,FALSE,FALSE,NA,NA
"41","#Talino at #Tapang Senator #MiriamDefensorSantiago 
#MMK https://t.co/TvvLXfJa1W",FALSE,0,NA,2016-10-05 06:15:36,FALSE,NA,"783551192643280896",NA,"<a href=""http://www.facebook.com/twitter"" rel=""nofollow"">Facebook</a>","lorelyn_dumaug",0,FALSE,FALSE,NA,NA
"42","So during the flight I was reading #miriamdefensorsantiago 's #stupidisforevermore book.... then‚Ä¶ https://t.co/h59F8mDNTe",FALSE,0,NA,2016-10-05 00:22:53,FALSE,NA,"783462426566021120",NA,"<a href=""http://instagram.com"" rel=""nofollow"">Instagram</a>","theseoulofasia",0,FALSE,FALSE,NA,NA
"43","The title that best fit #MiriamDefensorSantiago. https://t.co/MdvKkzvNLA",FALSE,0,NA,2016-10-05 00:07:57,FALSE,NA,"783458670503792642",NA,"<a href=""http://www.facebook.com/twitter"" rel=""nofollow"">Facebook</a>","jagestipona",0,FALSE,FALSE,NA,NA
"44","SALAMAT, SEN. MIRIAM
#MiriamDefensorSantiago #IronLady #UP https://t.co/5CiMnMDp2M",FALSE,0,NA,2016-10-04 13:40:01,FALSE,NA,"783300647076651008",NA,"<a href=""http://www.facebook.com/twitter"" rel=""nofollow"">Facebook</a>","Side_View",0,FALSE,FALSE,NA,NA
"45","SALAMAT, SEN. MIRIAM
#MiriamDefensorSantiago #IronLady #UP
https://t.co/nEHUl2PiMS

NAIS... https://t.co/gGTXiTiicc",FALSE,0,NA,2016-10-04 13:39:21,FALSE,NA,"783300477589065728",NA,"<a href=""http://www.facebook.com/twitter"" rel=""nofollow"">Facebook</a>","Side_View",0,FALSE,FALSE,NA,NA
"46","Former Senator Miriam Defensor-Santiago laid to rest - https://t.co/mZp2OdIaVZ #MiriamDefensorSantiago https://t.co/YaHgeZLGxn",FALSE,0,NA,2016-10-04 09:00:44,FALSE,NA,"783230361480392704",NA,"<a href=""http://www.hootsuite.com"" rel=""nofollow"">Hootsuite</a>","ChismsPH",0,FALSE,FALSE,NA,NA
"47","Aa of now Stupid is Forever &amp; Stupid is Forevermore by late #MiriamDefensorSantiago https://t.co/DoYCvJObX7",FALSE,0,NA,2016-10-04 08:33:17,FALSE,NA,"783223454724087809",NA,"<a href=""http://twitter.com/download/iphone"" rel=""nofollow"">Twitter for iPhone</a>","PrinceThony06",0,FALSE,FALSE,NA,NA
"48","Salamat, Senator Miriam
#MiriamDefensorSantiago #IronLady #UP https://t.co/WDRVfhiZ7M",FALSE,0,NA,2016-10-04 08:17:19,FALSE,NA,"783219436270608384",NA,"<a href=""http://www.facebook.com/twitter"" rel=""nofollow"">Facebook</a>","Side_View",0,FALSE,FALSE,NA,NA
"49","Salamat, Senator Miriam
#MiriamDefensorSantiago #IronLady #UP... https://t.co/q1dTYblZrT",FALSE,0,NA,2016-10-04 08:16:47,FALSE,NA,"783219300433793024",NA,"<a href=""http://www.facebook.com/twitter"" rel=""nofollow"">Facebook</a>","Side_View",0,FALSE,FALSE,NA,NA
"50","why did you propose it in the first place? Akala mo makakalusot ka ha. Ma-karma ka sana ni #MiriamDefensorSantiago‚Ä¶ https://t.co/6RWnNWyALL",FALSE,0,NA,2016-10-04 04:02:24,TRUE,NA,"783155284747309056",NA,"<a href=""http://twitter.com"" rel=""nofollow"">Twitter Web Client</a>","aquino_edna",0,FALSE,FALSE,NA,NA
"51","RT @BryanOlano: Rest in peace my forever President . #MiriamDefensorSantiago",FALSE,0,NA,2016-10-04 03:12:46,FALSE,NA,"783142794395197440",NA,"<a href=""http://twitter.com/download/android"" rel=""nofollow"">Twitter for Android</a>","mimaxwolf",9,TRUE,FALSE,NA,NA
"52","My drawing of Senator Miriam Defensor Santiago #drawing #MiriamDefensorSantiago https://t.co/aL5aOvMElP",FALSE,1,NA,2016-10-03 16:08:52,FALSE,NA,"782975718741282817",NA,"<a href=""http://twitter.com/download/android"" rel=""nofollow"">Twitter for Android</a>","josephine_art22",0,FALSE,FALSE,NA,NA
"53","Sampalin sana ni #MiriamDefensorSantiago ang malanding kaluluwa ni Sen De Lima. #KASTRESS #RIPMADAME",FALSE,0,NA,2016-10-03 04:50:54,FALSE,NA,"782805101199056897",NA,"<a href=""http://twitter.com/download/iphone"" rel=""nofollow"">Twitter for iPhone</a>","Sevinfiniteen",0,FALSE,FALSE,NA,NA
"54","RT @psstdotph: The legacy of @senmiriam Miriam Defensor Santiago https://t.co/0nVeciGa7A #legacy #MiriamDefensorSantiago",FALSE,0,NA,2016-10-03 03:49:07,FALSE,NA,"782789552880562176",NA,"<a href=""http://twitter.com/download/android"" rel=""nofollow"">Twitter for Android</a>","dblackbitch",2,TRUE,FALSE,NA,NA
"55","Ngayong pumanaw na si Sen. #MiriamDefensorSantiago, sino na ang mamumuno sa People's Reform Party?",FALSE,0,NA,2016-10-03 00:40:50,FALSE,NA,"782742169677201408",NA,"<a href=""http://twitter.com"" rel=""nofollow"">Twitter Web Client</a>","TeddyTeodosio",0,FALSE,FALSE,NA,NA
"56","Sharing this again. 

#MiriamDefensorSantiago #TheIronLadyOfAsia https://t.co/bsPQb204xv",FALSE,0,NA,2016-10-02 23:04:53,FALSE,NA,"782718023882854400",NA,"<a href=""http://www.facebook.com/twitter"" rel=""nofollow"">Facebook</a>","BoyzTownAcademy",0,FALSE,FALSE,NA,NA
"57","Paalam #MiriamDefensorSantiago Ì†ΩÌ≤îÌ†ΩÌ∏≠",FALSE,0,NA,2016-10-02 19:32:21,FALSE,NA,"782664537975627776",NA,"<a href=""http://twitter.com/download/android"" rel=""nofollow"">Twitter for Android</a>","xianweber",0,FALSE,FALSE,NA,NA
"58","RT @shenbrood: A simple poem I created in remembrance of how great #MiriamDefensorSantiago is. Feel free to share - https://t.co/euVpbyFceR‚Ä¶",FALSE,0,NA,2016-10-02 18:22:30,FALSE,NA,"782646960440287234",NA,"<a href=""http://twitter.com/download/android"" rel=""nofollow"">Twitter for Android</a>","seikifranco",9,TRUE,FALSE,NA,NA
"59","RT @Jof2324: In this great lovely day, you made my tears fall #MiriamDefensorSantiago. #KMJS11 #MiriamShallReturn #ThankYouMiriam",FALSE,0,NA,2016-10-02 16:31:15,FALSE,NA,"782618960109776896",NA,"<a href=""http://twitter.com/download/android"" rel=""nofollow"">Twitter for Android</a>","marvin_ispunk",4,TRUE,FALSE,NA,NA
"60","You will remain forever in our hearts Ì†ΩÌ±äÌ†ºÌøª

#MiriamDefensorSantiago 
#Idol https://t.co/zKlUfvstEa",FALSE,1,NA,2016-10-02 16:10:01,FALSE,NA,"782613619351617536",NA,"<a href=""http://twitter.com/download/iphone"" rel=""nofollow"">Twitter for iPhone</a>","impaula2602",0,FALSE,FALSE,NA,NA
"61","RT @Jof2324: In this great lovely day, you made my tears fall #MiriamDefensorSantiago. #KMJS11 #MiriamShallReturn #ThankYouMiriam",FALSE,0,NA,2016-10-02 14:34:32,FALSE,NA,"782589588644605952",NA,"<a href=""http://twitter.com/download/android"" rel=""nofollow"">Twitter for Android</a>","mulawinMarco",4,TRUE,FALSE,NA,NA
"62","#MiriamDefensorSantiago the best president we never had https://t.co/XvmBoCfdgF",FALSE,0,NA,2016-10-02 14:31:11,FALSE,NA,"782588744322850817",NA,"<a href=""http://twitter.com/download/android"" rel=""nofollow"">Twitter for Android</a>","Nyx_Artemis26",0,FALSE,FALSE,NA,NA
"63","RT @Jof2324: In this great lovely day, you made my tears fall #MiriamDefensorSantiago. #KMJS11 #MiriamShallReturn #ThankYouMiriam",FALSE,0,NA,2016-10-02 14:29:32,FALSE,NA,"782588331393638405",NA,"<a href=""http://twitter.com/download/android"" rel=""nofollow"">Twitter for Android</a>","amyourMarco",4,TRUE,FALSE,NA,NA
"64","It will never be the same... #MiriamDefensorSantiago",FALSE,0,NA,2016-10-02 14:18:39,FALSE,NA,"782585590235541504",NA,"<a href=""http://twitter.com/#!/download/ipad"" rel=""nofollow"">Twitter for iPad</a>","LimguangcoChin",0,FALSE,FALSE,NA,NA
"65","In this great lovely day, you made my tears fall #MiriamDefensorSantiago. #KMJS11 #MiriamShallReturn #ThankYouMiriam",FALSE,0,NA,2016-10-02 14:16:02,FALSE,NA,"782584932484820992",NA,"<a href=""http://twitter.com/download/android"" rel=""nofollow"">Twitter for Android</a>","Jof2324",4,FALSE,FALSE,NA,NA
"66","RT @The8List: There can be only one Tiger Lady, and that's #MiriamDefensorSantiago: https://t.co/1j4TKMa9qx",FALSE,0,NA,2016-10-02 13:59:55,FALSE,NA,"782580876597014529",NA,"<a href=""http://twitter.com/download/iphone"" rel=""nofollow"">Twitter for iPhone</a>","joelclavio",1,TRUE,FALSE,NA,NA
"67","Goodbye IdolÌ†ΩÌ∏¢Ì†ΩÌ∏¢You're one of my idols when it comes to politics ..... Indeed your the best president we never hadÌ†ΩÌ∏¢Ì†ΩÌ∏¢Ì†ΩÌ∏¢
#MiriamDefensorSantiago",FALSE,0,NA,2016-10-02 13:52:06,FALSE,NA,"782578911116873728",NA,"<a href=""http://twitter.com/download/android"" rel=""nofollow"">Twitter for Android</a>","dinsong16",0,FALSE,FALSE,NA,NA
"68","RT @Jof2324: In these great lovely day for me, you made my tears falling #MiriamDefensorSantiago. #KMJS11 #RIPMiriam #ThankYouMiriam",FALSE,0,NA,2016-10-02 13:39:49,FALSE,NA,"782575817519837185",NA,"<a href=""https://github.com/TwidereProject/Twidere-Android/"" rel=""nofollow"">Twidere for Android #5</a>","sanggre_mel",1,TRUE,FALSE,NA,NA
"69","In these great lovely day for me, you made my tears falling #MiriamDefensorSantiago. #KMJS11 #RIPMiriam #ThankYouMiriam",FALSE,2,NA,2016-10-02 13:35:51,FALSE,NA,"782574820672180224",NA,"<a href=""http://twitter.com/download/android"" rel=""nofollow"">Twitter for Android</a>","Jof2324",1,FALSE,FALSE,NA,NA
"70","...balita ko magaling ka sa algebra,,,can you replace my x without asking y?...#miriamdefensorsantiago....an irreplacable senadora!!ÌÆ∫ÌºéÌÆ∫ÌºéÌÆ∫Ìºé",FALSE,0,NA,2016-10-02 13:33:45,FALSE,NA,"782574293389447168",NA,"<a href=""http://www.facebook.com/twitter"" rel=""nofollow"">Facebook</a>","DRhesty",0,FALSE,FALSE,NA,NA
"71","Thank you, @senmiriam ‚ô° #MiriamDefensorSantiago",FALSE,0,NA,2016-10-02 13:31:33,FALSE,NA,"782573740253073408",NA,"<a href=""http://twitter.com/download/android"" rel=""nofollow"">Twitter for Android</a>","alwaysyenna",0,FALSE,FALSE,NA,NA
"72","Your legacy shall live on forever. #KMJS11 #MiriamDefensorSantiago",FALSE,0,NA,2016-10-02 13:30:30,FALSE,NA,"782573475797970944",NA,"<a href=""http://twitter.com/download/iphone"" rel=""nofollow"">Twitter for iPhone</a>","mgs_gemini",0,FALSE,FALSE,NA,NA
"73","#KMJS11 segment for #MiriamDefensorSantiago is Ì†ΩÌ∏¢‚ù§",FALSE,0,NA,2016-10-02 13:29:58,FALSE,NA,"782573339210461184",NA,"<a href=""http://twitter.com/download/android"" rel=""nofollow"">Twitter for Android</a>","kwontwothree",0,FALSE,FALSE,NA,NA
"74","I love #MiriamDefensorSantiago 
#KMJS11",FALSE,0,NA,2016-10-02 13:25:59,FALSE,NA,"782572339212857345",NA,"<a href=""http://twitter.com/download/iphone"" rel=""nofollow"">Twitter for iPhone</a>","usherthegreat",0,FALSE,FALSE,NA,NA
"75","No more pain Senator Miriam, no more. Ì†ΩÌ∏î #KMJS11 #MiriamShallReturn #MiriamDefensorSantiago",FALSE,0,NA,2016-10-02 13:25:08,FALSE,NA,"782572125680902144",NA,"<a href=""http://twitter.com/download/android"" rel=""nofollow"">Twitter for Android</a>","Jay_Vi_G",0,FALSE,FALSE,NA,NA
"76","Please tell Duterte to just shut the fuck up and just do his job. ""Wah!""

#KMJS11
#MiriamShallReturn 
#MiriamDefensorSantiago",FALSE,1,NA,2016-10-02 13:23:49,FALSE,NA,"782571792908943360",NA,"<a href=""http://twitter.com/download/android"" rel=""nofollow"">Twitter for Android</a>","PauloStrativar",0,FALSE,FALSE,NA,NA
"77","RT @jnlr042681: #KMJS11 #MIRIAMDEFENSORSANTIAGO I PRAY TO SAN PEDRO CALUNGSOD TO HELP THE SIN TAX BILL AND REPRODUCTIVE HEALTH BILL",FALSE,0,NA,2016-10-02 13:22:33,FALSE,NA,"782571472178917376",NA,"<a href=""http://twitter.com/download/android"" rel=""nofollow"">Twitter for Android</a>","iamelytabaco",5,TRUE,FALSE,NA,NA
"78","I wish this was all a dream. Ì†ΩÌ≤î #KMJS11 #MiriamDefensorSantiago",FALSE,1,NA,2016-10-02 13:22:23,FALSE,NA,"782571433578725376",NA,"<a href=""http://twitter.com/download/android"" rel=""nofollow"">Twitter for Android</a>","Jay_Vi_G",0,FALSE,FALSE,NA,NA
"79","#KMJS11 #MIRIAMDEFENSORSANTIAGO IF PRESIDENT ESTRADA WILL BE ARRESTED I WILL JUMP ON THIS AIRPLANE WITHOUT A PARACHUTE",FALSE,0,NA,2016-10-02 13:21:30,FALSE,NA,"782571210815176704",NA,"<a href=""http://www.cloudhopper.com/"" rel=""nofollow"">Cloudhopper</a>","jeno042681",0,FALSE,FALSE,NA,NA
"80","#KMJS11 #MIRIAMDEFENSORSANTIAGO IF PRESIDENT ESTRADA WILL BE ARRESTED I WILL JUMP ON THIS AIRPLANE WITHOUT A PARACHUTE",FALSE,0,NA,2016-10-02 13:20:53,FALSE,NA,"782571053885300736",NA,"<a href=""http://www.cloudhopper.com/"" rel=""nofollow"">Cloudhopper</a>","jnlr042681",0,FALSE,FALSE,NA,NA
"81","RT @jnlr042681: #KMJS11 #MIRIAMDEFENSORSANTIAGO I PRAY TO SAN PEDRO CALUNGSOD TO HELP THE SIN TAX BILL AND REPRODUCTIVE HEALTH BILL",FALSE,0,NA,2016-10-02 13:20:13,FALSE,NA,"782570886146568194",NA,"<a href=""http://twitter.com/download/android"" rel=""nofollow"">Twitter for Android</a>","iamcaneterc",5,TRUE,FALSE,NA,NA
"82","RT @jnlr042681: #KMJS11 #MIRIAMDEFENSORSANTIAGO I PRAY TO SAN PEDRO CALUNGSOD TO HELP THE SIN TAX BILL AND REPRODUCTIVE HEALTH BILL",FALSE,0,NA,2016-10-02 13:20:04,FALSE,NA,"782570849257652224",NA,"<a href=""http://twitter.com/download/android"" rel=""nofollow"">Twitter for Android</a>","cillamanalang24",5,TRUE,FALSE,NA,NA
"83","RT @jnlr042681: #KMJS11 #MIRIAMDEFENSORSANTIAGO I PRAY TO SAN PEDRO CALUNGSOD TO HELP THE SIN TAX BILL AND REPRODUCTIVE HEALTH BILL",FALSE,0,NA,2016-10-02 13:19:41,FALSE,NA,"782570752520269826",NA,"<a href=""http://twitter.com/download/android"" rel=""nofollow"">Twitter for Android</a>","thekalyetimes",5,TRUE,FALSE,NA,NA
"84","RT @jnlr042681: #KMJS11 #MIRIAMDEFENSORSANTIAGO I PRAY TO SAN PEDRO CALUNGSOD TO HELP THE SIN TAX BILL AND REPRODUCTIVE HEALTH BILL",FALSE,0,NA,2016-10-02 13:17:54,FALSE,NA,"782570304690229248",NA,"<a href=""https://github.com/TwidereProject/Twidere-Android/"" rel=""nofollow"">Twidere for Android #5</a>","ketchupenmayo",5,TRUE,FALSE,NA,NA
"85","Mukha akong tanga, umiiyak ako habang pinapanuod yun eulogy for #MiriamDefensorSantiago Ì†ΩÌ∏≠ Hayyyy. #MiriamShallReturn",FALSE,1,NA,2016-10-02 13:17:41,FALSE,NA,"782570250315395072",NA,"<a href=""http://twitter.com/download/android"" rel=""nofollow"">Twitter for Android</a>","shelyyF",0,FALSE,FALSE,NA,NA
"86","#KMJS11 #MIRIAMDEFENSORSANTIAGO I PRAY TO SAN PEDRO CALUNGSOD TO HELP THE SIN TAX BILL AND REPRODUCTIVE HEALTH BILL",FALSE,2,NA,2016-10-02 13:17:05,FALSE,NA,"782570099832041472",NA,"<a href=""http://www.cloudhopper.com/"" rel=""nofollow"">Cloudhopper</a>","jnlr042681",5,FALSE,FALSE,NA,NA
"87","Atty Jun Santiago is #HusbandGoals #RelationshipGoals #MDS #MiriamDefensorSantiago #miriamsantiago Ì†ΩÌ±´ Ì†ΩÌ≤ë Ì†ΩÌ≤û",FALSE,0,NA,2016-10-02 13:16:34,FALSE,NA,"782569966125981696",NA,"<a href=""http://twitter.com/#!/download/ipad"" rel=""nofollow"">Twitter for iPad</a>","aLenPineda",0,FALSE,FALSE,NA,NA
"88","REST IN PEACE MADAM SENATOR. #MiriamDefensorSantiago Ì†ΩÌ∏ê",FALSE,0,NA,2016-10-02 13:11:32,FALSE,NA,"782568699660075008",NA,"<a href=""http://twitter.com/download/android"" rel=""nofollow"">Twitter for Android</a>","muniqualyn",0,FALSE,FALSE,NA,NA
"89","#IronLadyofAsia #MiriamDefensorSantiago",FALSE,0,NA,2016-10-02 13:09:19,FALSE,NA,"782568143692570624",NA,"<a href=""http://twitter.com/download/android"" rel=""nofollow"">Twitter for Android</a>","ArolLavarias",0,FALSE,FALSE,NA,NA
"90","To one of the best senators of the Philippine history, thank you and rest in peace Senator #MiriamDefensorSantiago!",FALSE,0,NA,2016-10-02 13:05:21,FALSE,NA,"782567146798718976",NA,"<a href=""http://twitter.com/download/android"" rel=""nofollow"">Twitter for Android</a>","ArolLavarias",0,FALSE,FALSE,NA,NA
"91","Yung naiiyak ka habang pinapauod yung tribute kay #MiriamDefensorSantiago Ì†ΩÌ∏≠Ì†ΩÌ∏≠Ì†ΩÌ∏≠ #RatedK",FALSE,0,NA,2016-10-02 12:58:19,FALSE,NA,"782565374113918980",NA,"<a href=""http://twitter.com/download/iphone"" rel=""nofollow"">Twitter for iPhone</a>","itsdeijavu",0,FALSE,FALSE,NA,NA
"92","Paalam sa nag iisang pambansang Ina ng Bayan
#MiriamDefensorSantiago #Ratedk",FALSE,0,NA,2016-10-02 12:57:26,FALSE,NA,"782565152369487876",NA,"<a href=""http://twitter.com"" rel=""nofollow"">Twitter Web Client</a>","TEDdhieBear",0,FALSE,FALSE,NA,NA
"93","The Greatest President we never had... #RIPMiriam farewell #MiriamDefensorSantiago You will be missed #THEIRONLADYMDS #PaalamMiriam",FALSE,0,NA,2016-10-02 12:44:08,FALSE,NA,"782561804438220800",NA,"<a href=""http://twitter.com/download/android"" rel=""nofollow"">Twitter for Android</a>","mel23rdebb",0,FALSE,FALSE,NA,NA
"94","My tribute to #MiriamDefensorSantiago #SalamatMiriam #RIPMiriam @philstarstyle https://t.co/tBnvnXHTio Suggest read &amp; share to others? RT",FALSE,0,NA,2016-10-02 12:37:55,FALSE,NA,"782560239790923776",NA,"<a href=""http://twitter.com"" rel=""nofollow"">Twitter Web Client</a>","WilsonLeeFlores",0,FALSE,FALSE,NA,NA
"95","If you think #MiriamDefensorSantiago would have been good president, read &amp; RT this column? @philstarstyle https://t.co/VZxnKvXDrj RT",FALSE,0,NA,2016-10-02 12:37:05,FALSE,NA,"782560033603145734",NA,"<a href=""http://twitter.com"" rel=""nofollow"">Twitter Web Client</a>","WilsonLeeFlores",1,FALSE,FALSE,NA,NA
"96","Thanks @kim_and_jackie ur tweet. pls share my @PhilstarStyle on #MiriamDefensorSantiago today, regards.‚Ä¶ https://t.co/qQfFZTXNrn",FALSE,0,NA,2016-10-02 12:00:02,TRUE,NA,"782550706179837952",NA,"<a href=""http://twitter.com"" rel=""nofollow"">Twitter Web Client</a>","WilsonLeeFlores",0,FALSE,FALSE,NA,NA
"97","#Thankyou #paalammiriam #MDS #miriamdefensorsantiago the best president that our country never‚Ä¶ https://t.co/xAWO5rAGxH",FALSE,0,NA,2016-10-02 11:39:45,FALSE,NA,"782545603918049280",NA,"<a href=""http://instagram.com"" rel=""nofollow"">Instagram</a>","colleenpatootie",0,FALSE,FALSE,"120.99202617","14.61592109"
"98","#MDS #miriamdefensorsantiago 
You will always be my president.
It's so sad when you were taken‚Ä¶ https://t.co/ypiOPKI4t6",FALSE,0,NA,2016-10-02 11:15:41,FALSE,NA,"782539545514504192",NA,"<a href=""http://instagram.com"" rel=""nofollow"">Instagram</a>","beast_sdj",0,FALSE,FALSE,"120.99202617","14.61592109"
"99","Farewell Madam.Thank you for the wisdom,the laughs and ur undying belief in the Filipino youth! #MiriamDefensorSantiago  #MiriamShallReturn",FALSE,0,NA,2016-10-02 10:27:04,FALSE,NA,"782527313950879744",NA,"<a href=""http://twitter.com/download/android"" rel=""nofollow"">Twitter for Android</a>","bams_payumo",0,FALSE,FALSE,NA,NA
"100","There can be only one Tiger Lady, and that's #MiriamDefensorSantiago: https://t.co/1j4TKMa9qx",FALSE,0,NA,2016-10-02 10:20:54,FALSE,NA,"782525761047715840",NA,"<a href=""http://twitter.com"" rel=""nofollow"">Twitter Web Client</a>","The8List",1,FALSE,FALSE,NA,NA
"101","I believe she could have been a great leader. The best president this country never had! May you rest in peace ‚ù§ #MiriamDefensorSantiago",FALSE,2,NA,2016-10-02 09:51:53,FALSE,NA,"782518457459892224",NA,"<a href=""http://twitter.com/download/android"" rel=""nofollow"">Twitter for Android</a>","pepperismyname",0,FALSE,FALSE,NA,NA
"102","RIP to the greatest president we never had.  #MiriamDefensorSantiago",FALSE,0,NA,2016-10-02 09:47:44,FALSE,NA,"782517413862518784",NA,"<a href=""http://twitter.com/download/iphone"" rel=""nofollow"">Twitter for iPhone</a>","its_damulag",0,FALSE,FALSE,NA,NA
"103","#MiriamDefensorSantiago ‚ù§Ì†ΩÌ≤î https://t.co/yUUsESBZLx",FALSE,0,NA,2016-10-02 09:35:26,FALSE,NA,"782514319669858305",NA,"<a href=""http://twitter.com/download/android"" rel=""nofollow"">Twitter for Android</a>","KBpanopio",0,FALSE,FALSE,NA,NA
"104","You're leaving so soon.I'll miss you my Beloved Idol. Love you forever Ì†ΩÌ∏≠ #MiriamShallReturn #MiriamDefensorSantiago  #SolidMiriam #MDS",FALSE,0,NA,2016-10-02 09:31:29,FALSE,NA,"782513323803676672",NA,"<a href=""http://twitter.com/download/android"" rel=""nofollow"">Twitter for Android</a>","Chinggay8teen",0,FALSE,FALSE,NA,NA
"105","The best President, the Philippines never had ,your legacy lives on... May eternal peace shine upon you #MiriamDefensorSantiago",FALSE,0,NA,2016-10-02 09:16:15,FALSE,NA,"782509488725118976",NA,"<a href=""http://twitter.com/download/iphone"" rel=""nofollow"">Twitter for iPhone</a>","DingdongGasol",0,FALSE,FALSE,NA,NA
"106","""Napakalaki ng mga ginawa niya para da ating mga kababayan, lalo na sa mga ginawanniyang batas."" #miriam‚Ä¶ https://t.co/Phu7JDM65S",FALSE,0,NA,2016-10-02 08:43:06,TRUE,NA,"782501148850663424",NA,"<a href=""http://twitter.com/download/android"" rel=""nofollow"">Twitter for Android</a>","kefjavier",0,FALSE,FALSE,NA,NA
"107","Rest in peace, Iron Lady of Asia. #MiriamDefensorSantiago",FALSE,0,NA,2016-10-02 08:14:35,FALSE,NA,"782493970232324097",NA,"<a href=""http://twitter.com/download/android"" rel=""nofollow"">Twitter for Android</a>","giennel",0,FALSE,FALSE,NA,NA
"108","RT @EquitoJoe: Paalam Senator Miriam! Ì†ΩÌ∏≠Ì†ΩÌ∏≠
#SalamatMiriam #MiriamShallReturn #MiriamisForever #MiriamDefensorSantiago",FALSE,0,NA,2016-10-02 08:12:15,FALSE,NA,"782493384573227008",NA,"<a href=""http://twitter.com/#!/download/ipad"" rel=""nofollow"">Twitter for iPad</a>","invictus386",1,TRUE,FALSE,NA,NA
"109","May your quotes be in our hearts and mind, and may we have the will as yours to practice it in our lives.‚Ä¶ https://t.co/0f0XzA05Wf",FALSE,0,NA,2016-10-02 08:11:47,TRUE,NA,"782493266549706752",NA,"<a href=""http://twitter.com/download/android"" rel=""nofollow"">Twitter for Android</a>","pinayfanofDB",0,FALSE,FALSE,NA,NA
"110","Paalam Senator Miriam! Ì†ΩÌ∏≠Ì†ΩÌ∏≠
#SalamatMiriam #MiriamShallReturn #MiriamisForever #MiriamDefensorSantiago",FALSE,0,NA,2016-10-02 08:11:24,FALSE,NA,"782493171318071296",NA,"<a href=""http://twitter.com/download/android"" rel=""nofollow"">Twitter for Android</a>","EquitoJoe",1,FALSE,FALSE,NA,NA
"111","We cannot find another like you in our generation and perhaps generations to come. #MiriamShallReturn #MiriamDefensorSantiago",FALSE,2,NA,2016-10-02 07:57:57,FALSE,NA,"782489787622010880",NA,"<a href=""http://twitter.com"" rel=""nofollow"">Twitter Web Client</a>","elvieflores3",0,FALSE,FALSE,NA,NA
"112","For the record, si Miriam ung worth dagdain sa streets. #MiriamDefensorSantiago",FALSE,1,NA,2016-10-02 07:53:00,FALSE,NA,"782488540500205568",NA,"<a href=""http://twitter.com/download/android"" rel=""nofollow"">Twitter for Android</a>","kuzanessaefgens",0,FALSE,FALSE,NA,NA
"113","#RIP 
#MiriamdefensorSantiago https://t.co/gdvlCRPDhf",FALSE,0,NA,2016-10-02 07:50:43,FALSE,NA,"782487964924403712",NA,"<a href=""http://instagram.com"" rel=""nofollow"">Instagram</a>","Genji_ej16",0,FALSE,FALSE,NA,NA
"114","#RIPMiriam #MiriamDefensorSantiago https://t.co/cuS8rOdt1C",FALSE,2,NA,2016-10-02 07:40:35,FALSE,NA,"782485414175121408",NA,"<a href=""https://about.twitter.com/products/tweetdeck"" rel=""nofollow"">TweetDeck</a>","thejunglepost",1,FALSE,FALSE,NA,NA
"115","Rest in peace senator #MiriamDefensorSantiago Ì†ΩÌπè",FALSE,1,NA,2016-10-02 07:36:34,FALSE,NA,"782484405256278017",NA,"<a href=""http://twitter.com/download/iphone"" rel=""nofollow"">Twitter for iPhone</a>","pundit03",0,FALSE,FALSE,NA,NA
"116","kung dina DOWN ka man nila wag kang mag alala iniiBIG naman kita :)
#MiriamDefensorSantiago :'(",FALSE,1,NA,2016-10-02 06:45:22,FALSE,NA,"782471519817510912",NA,"<a href=""http://twitter.com"" rel=""nofollow"">Twitter Web Client</a>","gelie_aze08",0,FALSE,FALSE,NA,NA
"117","From my President #MiriamDefensorSantiago https://t.co/W1gdbkEW10",FALSE,0,NA,2016-10-02 06:31:42,FALSE,NA,"782468078323929088",NA,"<a href=""http://www.facebook.com/twitter"" rel=""nofollow"">Facebook</a>","s_mileyy",0,FALSE,FALSE,NA,NA
"118","Dumaan man ang maraming taon, mananatili ka sa aming mga puso. We love you madam! Ì†ΩÌ≤û
#MiriamShallReturn‚Ä¶ https://t.co/T0HwiOAQhK",FALSE,2,NA,2016-10-02 06:18:58,TRUE,NA,"782464873821110272",NA,"<a href=""http://twitter.com/download/android"" rel=""nofollow"">Twitter for Android</a>","Renz_Caballero",0,FALSE,FALSE,NA,NA
"119","Naiyak ang langit sa pag kawala ni ma'am miriam #MiriamDefensorSantiago 
#MiriamisForever",FALSE,1,NA,2016-10-02 06:12:31,FALSE,NA,"782463250600308736",NA,"<a href=""http://twitter.com/download/iphone"" rel=""nofollow"">Twitter for iPhone</a>","Uphsdconfession",0,FALSE,FALSE,NA,NA
"120","RT @Jhoaning: ""We thank the Lord for creating the one and the only Miriam Defensor-Santiago"" #RIPMiriam #MiriamDefensorSantiago #MiriamShal‚Ä¶",FALSE,0,NA,2016-10-02 06:09:33,FALSE,NA,"782462505868075008",NA,"<a href=""http://twitter.com/#!/download/ipad"" rel=""nofollow"">Twitter for iPad</a>","Avery_Riliane00",1,TRUE,FALSE,NA,NA
"121","""We thank the Lord for creating the one and the only Miriam Defensor-Santiago"" #RIPMiriam #MiriamDefensorSantiago #MiriamShallReturn",FALSE,1,NA,2016-10-02 06:08:55,FALSE,NA,"782462348237742080",NA,"<a href=""http://twitter.com/download/android"" rel=""nofollow"">Twitter for Android</a>","Jhoaning",1,FALSE,FALSE,NA,NA
"122","Our youth is yours, MDS. #MiriamDefensorSantiago",FALSE,0,NA,2016-10-02 06:07:03,FALSE,NA,"782461878563778560",NA,"<a href=""http://twitter.com/download/android"" rel=""nofollow"">Twitter for Android</a>","Pinkywinkywinks",0,FALSE,FALSE,NA,NA
"123","Themesong for MDS's passing: Circle of Life

:'(
#MiriamDefensorSantiago",FALSE,0,NA,2016-10-02 05:29:08,FALSE,NA,"782452333271592960",NA,"<a href=""http://twitter.com/download/android"" rel=""nofollow"">Twitter for Android</a>","JRHThrone",0,FALSE,FALSE,NA,NA
"124","This has got to be the most badass thing in my closet. Remembering #miriamdefensorsantiago #miriamsays #teammanila https://t.co/4q3qkZrSxT",FALSE,2,NA,2016-10-02 05:17:55,FALSE,NA,"782449510790246401",NA,"<a href=""http://twitter.com/download/iphone"" rel=""nofollow"">Twitter for iPhone</a>","haceherrero",0,FALSE,FALSE,NA,NA
"125","Suggest read @philippinestar today my column on the late great Senator #miriamdefensorsantiago &amp;‚Ä¶ https://t.co/uCbGD7n1lq",FALSE,0,NA,2016-10-02 05:09:07,FALSE,NA,"782447298211086336",NA,"<a href=""http://instagram.com"" rel=""nofollow"">Instagram</a>","WilsonLeeFlores",0,FALSE,FALSE,NA,NA
"126","#RodrigoDuterte Pays Respects To #MiriamDefensorSantiago https://t.co/GShHErGGgl",FALSE,0,NA,2016-10-02 04:36:10,FALSE,NA,"782439004142657536",NA,"<a href=""http://twitter.com"" rel=""nofollow"">Twitter Web Client</a>","thePinoyScoop",0,FALSE,FALSE,NA,NA
"127","Wisdom from Madam. Ì†ΩÌ±äÌ†ºÌøª 

#miriamdefensorsantiago https://t.co/anAVDNS8BN",FALSE,0,NA,2016-10-02 04:05:19,FALSE,NA,"782431241798754304",NA,"<a href=""http://instagram.com"" rel=""nofollow"">Instagram</a>","PepOnAir979",0,FALSE,FALSE,NA,NA
"128","Notes to Miriam Ì†ΩÌ∏≠Ì†ΩÌ≥ùÌ†ΩÌ≥ÉÌ†ΩÌ≥ãÌ†ΩÌ¥ñÌ†ΩÌπè #RIPMiriam #MiriamDefensorSantiago #MDS https://t.co/IBcg79qMP7",FALSE,1,NA,2016-10-02 03:51:14,FALSE,NA,"782427699289526273",NA,"<a href=""http://twitter.com/download/android"" rel=""nofollow"">Twitter for Android</a>","alj_greg",0,FALSE,FALSE,NA,NA
"129","#miriamdefensorsantiago the iron lady of asia during meet and greet supporters in UP Bahay ng‚Ä¶ https://t.co/LQZzxwyZGD",FALSE,0,NA,2016-10-02 03:09:39,FALSE,NA,"782417231842013184",NA,"<a href=""http://instagram.com"" rel=""nofollow"">Instagram</a>","richardreyesph",0,FALSE,FALSE,NA,NA
"130","Farewell MDS Ì†ΩÌ±ã
.
.
.
.
.
.
.
.
.
#MDS #RIPMDS #miriamdefensorsantiago #stupidisforever #vscofeed‚Ä¶ https://t.co/SC8nPlmouU",FALSE,0,NA,2016-10-02 02:41:30,FALSE,NA,"782410147217805312",NA,"<a href=""http://instagram.com"" rel=""nofollow"">Instagram</a>","ellimacralip",0,FALSE,FALSE,NA,NA
"131","See you again MDS.
.
.
.
.
.
.
.
.
.
.
#MDS #RIPMDS #miriamdefensorsantiago #stupidisforever‚Ä¶ https://t.co/u1XaTWYr64",FALSE,0,NA,2016-10-02 02:41:16,FALSE,NA,"782410090930278401",NA,"<a href=""http://instagram.com"" rel=""nofollow"">Instagram</a>","ellimacralip",0,FALSE,FALSE,NA,NA
"132","#MiriamDefensorSantiago #MiriamShallReturn https://t.co/gGF6qaL5qa",FALSE,0,NA,2016-10-02 01:43:01,FALSE,NA,"782395431133163522",NA,"<a href=""http://www.facebook.com/twitter"" rel=""nofollow"">Facebook</a>","s_mileyy",0,FALSE,FALSE,NA,NA
"133","#MiriamDefensorSantiago https://t.co/g5AgAYoLav",FALSE,0,NA,2016-10-02 01:39:28,FALSE,NA,"782394535364079616",NA,"<a href=""http://www.facebook.com/twitter"" rel=""nofollow"">Facebook</a>","s_mileyy",0,FALSE,FALSE,NA,NA
"134","#RIPMiriam #MDS #IronLady #MiriamDefensorSantiago https://t.co/MwkpxX9hei",FALSE,0,NA,2016-10-02 01:21:58,FALSE,NA,"782390131844079616",NA,"<a href=""http://instagram.com"" rel=""nofollow"">Instagram</a>","iamredsalgado",0,FALSE,FALSE,NA,NA
"135","#MDS #MiriamDefensorSantiago https://t.co/CH1gh64TnI",FALSE,0,NA,2016-10-01 22:57:33,FALSE,NA,"782353790800269313",NA,"<a href=""http://www.facebook.com/twitter"" rel=""nofollow"">Facebook</a>","StretchYourPeso",0,FALSE,FALSE,NA,NA
"136","#MDS #MiriamDefensorSantiago https://t.co/BbpbkdjGWx",FALSE,0,NA,2016-10-01 22:52:31,FALSE,NA,"782352522245582849",NA,"<a href=""http://www.facebook.com/twitter"" rel=""nofollow"">Facebook</a>","StretchYourPeso",0,FALSE,FALSE,NA,NA
